,Player,Club,Position,Number,Date of Birth,Height,Foot,Joined,Market Value,Season
0,Dmitriy Nepogodov,FC Astana,Goalkeeper,22,"Feb 17, 1988 (30)",,"1,96m",left,€1.00m,2019
1,Nenad Eric,FC Astana,Goalkeeper,1,"May 26, 1982 (36)",,"1,97m",right,€300k,2019
2,Aleksandr Mokin,FC Astana,Goalkeeper,-,"Jun 19, 1981 (37)",,"1,94m",right,€100k,2019
3,Stanislav Pavlov,FC Astana,Goalkeeper,35,"May 30, 1994 (24)",,"1,93m",right,€100k,2019
4,Danil Podymskiy,FC Astana,Goalkeeper,31,"Jun 5, 1998 (20)",,"1,90m",right,-,2019
5,Marin Anicic,FC Astana,Centre-Back,-,"Aug 17, 1989 (29)",,"1,92m",left,€1.50m,2019
6,Zarko Tomasevic,FC Astana,Centre-Back,33,"Feb 22, 1990 (28)",,"1,90m",left,€1.50m,2019
7,Uros Radakovic,FC Astana,Centre-Back,4,"Mar 31, 1994 (24)",,"1,94m",right,€1.25m,2019
8,Sergey Maliy,FC Astana,Centre-Back,25,"Jun 5, 1990 (28)",,"1,91m",right,€1.00m,2019
9,Evgeniy Postnikov,FC Astana,Centre-Back,44,"Apr 16, 1986 (32)",,"1,89m",right,€1.00m,2019
10,Luka Simunovic,FC Astana,Centre-Back,24,"May 24, 1997 (21)",,"1,85m",right,€100k,2019
11,Dinmukhammed Kashken,FC Astana,Centre-Back,76,"Jan 4, 2000 (18)",,"1,87m",right,€100k,2019
12,Dmitriy Shomko,FC Astana,Left-Back,77,"Mar 19, 1990 (28)",,"1,85m",left,€2.50m,2019
13,Abzal Beysebekov,FC Astana,Right-Back,15,"Nov 30, 1992 (26)",,"1,87m",right,€1.20m,2019
14,Antonio Rukavina,FC Astana,Right-Back,2,"Jan 26, 1984 (34)",,"1,77m",right,€800k,2019
15,Lev Skvortsov,FC Astana,Right-Back,-,"Feb 2, 2000 (18)",,"1,80m",both,€100k,2019
16,Ivan Maevskiy,FC Astana,Defensive Midfield,18,"May 5, 1988 (30)",,"1,90m",right,€1.20m,2019
17,Yuriy Logvinenko,FC Astana,Defensive Midfield,27,"Jul 22, 1988 (30)",,"1,87m",left,€1.00m,2019
18,Rúnar Már Sigurjónsson,FC Astana,Central Midfield,10,"Jun 18, 1990 (28)",,"1,78m",right,€1.50m,2019
19,Yuriy Pertsukh,FC Astana,Central Midfield,28,"May 13, 1996 (22)",,"1,86m",right,€500k,2019
20,Sultan Sagnaev,FC Astana,Central Midfield,70,"Jan 14, 2000 (18)",,"1,72m",right,€250k,2019
21,Madi Zhakipbaev,FC Astana,Central Midfield,29,"Mar 21, 2000 (18)",,"1,74m",right,€200k,2019
22,Maks Ebong,FC Astana,Central Midfield,7,"Aug 26, 1999 (19)",,"1,80m",right,€150k,2019
23,Serikzhan Muzhikov,FC Astana,Attacking Midfield,-,"Jun 17, 1989 (29)",,"1,69m",right,€1.00m,2019
24,Roman Murtazaev,FC Astana,Left Winger,-,"Sep 10, 1993 (25)",,"1,88m",right,€2.50m,2019
25,Didar Zhalmukan,FC Astana,Left Winger,73,"May 22, 1996 (22)",,"1,73m",right,€350k,2019
26,Marin Tomasov,FC Astana,Right Winger,14,"Aug 31, 1987 (31)",,"1,84m",left,€3.00m,2019
27,Dorin Rotariu,FC Astana,Right Winger,9,"Jul 29, 1995 (23)",,"1,80m",left,€1.00m,2019
28,Tigran Barseghyan,FC Astana,Right Winger,11,"Sep 22, 1993 (25)",,"1,79m",left,€750k,2019
29,Stanislav Basmanov,FC Astana,Right Winger,-,"Jun 24, 2001 (17)",,"1,79m",right,€75k,2019
30,Firmin Mubele,FC Astana,Centre-Forward,19,"Apr 17, 1994 (24)",,"1,75m",right,€6.00m,2019
31,Aleksey Shchetkin,FC Astana,Centre-Forward,99,"May 21, 1991 (27)",,"1,93m",right,€2.00m,2019
32,Pieros Sotiriou,FC Astana,Centre-Forward,29,"Jan 13, 1993 (25)",,"1,84m",right,€1.25m,2019
33,Rangelo Janga,FC Astana,Centre-Forward,-,"Apr 16, 1992 (26)",,"1,92m",right,€1.20m,2019
34,Sergey Khizhnichenko,FC Astana,Centre-Forward,-,"Jul 17, 1991 (27)",,"1,87m",right,€300k,2019
35,Vladislav Prokopenko,FC Astana,Centre-Forward,80,"Jul 1, 2000 (18)",,"1,80m",right,€250k,2019
36,Ramazan Karimov,FC Astana,Centre-Forward,81,"Jul 5, 1999 (19)",,"1,90m",right,€100k,2019
37,Igor Shatskiy,Tobol Kostanay,Goalkeeper,30,"May 11, 1989 (29)",,"1,85m",right,€500k,2019
38,Emil Balayev,Tobol Kostanay,Goalkeeper,-,"Apr 17, 1994 (24)",,"1,89m",left,€400k,2019
39,Andrey Pasechenko,Tobol Kostanay,Goalkeeper,-,"Aug 9, 1987 (31)",,"1,80m",right,€300k,2019
40,Sultan Busurmanov,Tobol Kostanay,Goalkeeper,12,"May 10, 1996 (22)",,"1,86m",right,€150k,2019
41,Zhasur Narzikulov,Tobol Kostanay,Goalkeeper,-,"Apr 13, 1984 (34)",,"1,89m",right,€100k,2019
42,Aleksandr Mokin,Tobol Kostanay,Goalkeeper,35,"Jun 19, 1981 (37)",,"1,94m",right,€100k,2019
43,Viktor Dmitrenko,Tobol Kostanay,Centre-Back,-,"Apr 4, 1991 (27)",,"1,90m",right,€1.00m,2019
44,Sergey Maliy,Tobol Kostanay,Centre-Back,25,"Jun 5, 1990 (28)",,"1,91m",right,€1.00m,2019
45,Aleksandr Kleshchenko,Tobol Kostanay,Centre-Back,-,"Nov 2, 1995 (23)",,"1,87m",left,€700k,2019
46,Temirlan Erlanov,Tobol Kostanay,Centre-Back,8,"Jul 9, 1993 (25)",,"1,90m",right,€600k,2019
47,Fernander Kassaï,Tobol Kostanay,Centre-Back,-,"Jul 1, 1987 (31)",,"1,84m",right,€500k,2019
48,Aleksa Amanovic,Tobol Kostanay,Centre-Back,24,"Oct 24, 1996 (22)",,"1,87m",left,€400k,2019
49,Sultan Abilgazy,Tobol Kostanay,Centre-Back,21,"Feb 22, 1997 (21)",,"1,80m",right,€200k,2019
50,Ilyas Almukhamedov,Tobol Kostanay,Centre-Back,-,"Feb 1, 2000 (18)",,"1,85m",,-,2019
51,Daniyar Semchenkov,Tobol Kostanay,Centre-Back,18,"Feb 12, 1997 (21)",,"1,86m",right,-,2019
52,Arman Hovhannisyan,Tobol Kostanay,Left-Back,4,"Jul 7, 1993 (25)",,"1,84m",left,€175k,2019
53,Sagadat Tursynbay,Tobol Kostanay,Left-Back,26,"Mar 26, 1999 (19)",,"1,88m",left,€150k,2019
54,Roman Asrankulov,Tobol Kostanay,Left-Back,23,"Jul 30, 1999 (19)",,"1,86m",left,-,2019
55,Dmitriy Miroshnichenko,Tobol Kostanay,Right-Back,7,"Feb 26, 1992 (26)",,"1,83m",right,€900k,2019
56,Arturas Zulpa,Tobol Kostanay,Defensive Midfield,-,"Jun 10, 1990 (28)",,"1,88m",right,€1.00m,2019
57,Nika Kvekveskiri,Tobol Kostanay,Defensive Midfield,10,"May 29, 1992 (26)",,"1,86m",right,€1.00m,2019
58,Jaba Kankava,Tobol Kostanay,Defensive Midfield,20,"Mar 18, 1986 (32)",,"1,76m",both,€1.00m,2019
59,Aleksandr Zhukov,Tobol Kostanay,Defensive Midfield,-,"Nov 4, 1997 (21)",,"1,78m",right,€50k,2019
60,Shyngys Kazin,Tobol Kostanay,Midfielder,-,"Nov 9, 1999 (19)",,-,,-,2019
61,Alikhan Nuguman,Tobol Kostanay,Midfielder,-,"Dec 23, 1999 (19)",,-,,-,2019
62,Alsaid Akhmetzhanov,Tobol Kostanay,Midfielder,-,"Aug 9, 2000 (18)",,"1,73m",,-,2019
63,Samat Zharynbetov,Tobol Kostanay,Central Midfield,14,"Jan 4, 1994 (24)",,"1,74m",right,€200k,2019
64,Ruslan Valiullin,Tobol Kostanay,Left Midfield,17,"Sep 9, 1994 (24)",,"1,80m",left,€350k,2019
65,Serikzhan Muzhikov,Tobol Kostanay,Attacking Midfield,11,"Jun 17, 1989 (29)",,"1,69m",right,€1.00m,2019
66,Nikita Bocharov,Tobol Kostanay,Attacking Midfield,-,"Jun 12, 1992 (26)",,"1,84m",right,€850k,2019
67,Petros Avetisyan,Tobol Kostanay,Attacking Midfield,77,"Jan 7, 1996 (22)",,"1,78m",right,€300k,2019
68,Jérémy Manzorro,Tobol Kostanay,Attacking Midfield,69,"Nov 11, 1991 (27)",,"1,73m",right,€250k,2019
69,Roman Murtazaev,Tobol Kostanay,Left Winger,45,"Sep 10, 1993 (25)",,"1,88m",right,€2.50m,2019
70,Azat Nurgaliev,Tobol Kostanay,Left Winger,13,"Jun 30, 1986 (32)",,"1,73m",both,€700k,2019
71,Zhaslan Zhumashev,Tobol Kostanay,Left Winger,44,"Sep 27, 2001 (17)",,"1,75m",both,-,2019
72,Mikhail Gordeychuk,Tobol Kostanay,Right Winger,-,"Oct 23, 1989 (29)",,"1,76m",both,€2.00m,2019
73,Maksim Fedin,Tobol Kostanay,Right Winger,-,"Jun 8, 1996 (22)",,"1,75m",right,€750k,2019
74,Carlos Fonseca,Tobol Kostanay,Right Winger,87,"Aug 23, 1987 (31)",,"1,80m",left,€500k,2019
75,Luka Zarandia,Tobol Kostanay,Right Winger,-,"Feb 17, 1996 (22)",,"1,78m",left,€350k,2019
76,Bauyrzhan Turysbek,Tobol Kostanay,Centre-Forward,-,"Oct 15, 1991 (27)",,"1,81m",right,€900k,2019
77,Senin Sebai,Tobol Kostanay,Centre-Forward,19,"Dec 18, 1993 (25)",,"1,82m",right,€800k,2019
78,Oralkhan Omirtaev,Tobol Kostanay,Centre-Forward,15,"Jul 16, 1998 (20)",,"1,87m",right,€325k,2019
79,Artem Sherstov,Tobol Kostanay,Centre-Forward,-,"Oct 16, 1998 (20)",,"1,75m",right,-,2019
80,Marsel Islamkulov,Kaysar Kyzylorda,Goalkeeper,71,"Apr 18, 1994 (24)",,"1,88m",right,€350k,2019
81,Aleksandr Grigorenko,Kaysar Kyzylorda,Goalkeeper,-,"Feb 6, 1985 (33)",,"1,82m",right,€250k,2019
82,Aleksandr Zarutskiy,Kaysar Kyzylorda,Goalkeeper,1,"Aug 26, 1993 (25)",,"1,92m",right,€100k,2019
83,Nurimzhan Salaydin,Kaysar Kyzylorda,Goalkeeper,34,"Oct 27, 1995 (23)",,"1,79m",right,€50k,2019
84,Ivan Graf,Kaysar Kyzylorda,Defender,55,"Jun 17, 1987 (31)",,"1,94m",right,€300k,2019
85,Eldos Akhmetov,Kaysar Kyzylorda,Centre-Back,2,"Jun 1, 1990 (28)",,"1,87m",right,€750k,2019
86,Aleksey Shumskikh,Kaysar Kyzylorda,Centre-Back,-,"Jul 1, 1990 (28)",,"1,89m",both,€500k,2019
87,Abdel Lamanje,Kaysar Kyzylorda,Centre-Back,-,"Jul 27, 1990 (28)",,"1,85m",left,€500k,2019
88,Aleksandr Marochkin,Kaysar Kyzylorda,Centre-Back,22,"Jul 14, 1990 (28)",,"1,91m",right,€500k,2019
89,Mark Gurman,Kaysar Kyzylorda,Centre-Back,14,"Feb 9, 1989 (29)",,"1,79m",right,€300k,2019
90,Ivan Sadovnichiy,Kaysar Kyzylorda,Centre-Back,-,"May 11, 1987 (31)",,"1,92m",right,€250k,2019
91,Olzhas Altaev,Kaysar Kyzylorda,Centre-Back,-,"Jul 15, 1989 (29)",,"1,84m",right,€150k,2019
92,Dinmukhammed Kashken,Kaysar Kyzylorda,Centre-Back,61,"Jan 4, 2000 (18)",,"1,87m",right,€100k,2019
93,Elzhas Sarbay,Kaysar Kyzylorda,Centre-Back,-,"Jul 24, 1998 (20)",,"1,80m",right,€75k,2019
94,Abylaykhan Tolegenov,Kaysar Kyzylorda,Centre-Back,3,"Jul 13, 1992 (26)",,"1,84m",right,-,2019
95,Kuanysh Kalmuratov,Kaysar Kyzylorda,Left-Back,77,"Aug 27, 1996 (22)",,"1,78m",left,€400k,2019
96,Erbolat Serik,Kaysar Kyzylorda,Left-Back,-,"Oct 6, 1996 (22)",,"1,84m",left,-,2019
97,Bagdat Kairov,Kaysar Kyzylorda,Right-Back,5,"Apr 27, 1993 (25)",,"1,78m",right,€600k,2019
98,Ilyas Amirseitov,Kaysar Kyzylorda,Right-Back,13,"Oct 22, 1989 (29)",,"1,79m",right,€400k,2019
99,Valentin Chureev,Kaysar Kyzylorda,Right-Back,-,"Aug 29, 1986 (32)",,"1,73m",right,€200k,2019
100,Ayan Kulmaganbetov,Kaysar Kyzylorda,Right-Back,-,"Nov 11, 2000 (18)",,"1,78m",right,-,2019
101,Duman Narzildaev,Kaysar Kyzylorda,Defensive Midfield,10,"Sep 6, 1993 (25)",,"1,78m",right,€500k,2019
102,Clarence Bitang,Kaysar Kyzylorda,Defensive Midfield,19,"Sep 2, 1992 (26)",,"1,72m",right,€400k,2019
103,Ruslan Duysenbaev,Kaysar Kyzylorda,Defensive Midfield,-,"Apr 22, 1993 (25)",,"1,77m",left,-,2019
104,Bekzat Kurmanbekuly,Kaysar Kyzylorda,Defensive Midfield,17,"Apr 14, 2000 (18)",,"1,78m",right,-,2019
105,Askhat Tagybergen,Kaysar Kyzylorda,Central Midfield,8,"Aug 9, 1990 (28)",,"1,79m",right,€750k,2019
106,Magomed Paragulgov,Kaysar Kyzylorda,Central Midfield,-,"Mar 26, 1994 (24)",,"1,81m",right,€450k,2019
107,Maksat Bayzhanov,Kaysar Kyzylorda,Central Midfield,-,"Aug 6, 1984 (34)",,"1,80m",right,€250k,2019
108,Samat Balymbetov,Kaysar Kyzylorda,Central Midfield,-,"Apr 10, 1994 (24)",,"1,79m",right,-,2019
109,Aleksandar Stanisavljevic,Kaysar Kyzylorda,Attacking Midfield,39,"Jun 11, 1989 (29)",,"1,81m",both,€500k,2019
110,Ivan Pesic,Kaysar Kyzylorda,Left Winger,-,"Apr 6, 1992 (26)",,"1,84m",right,€500k,2019
111,Joshua John,Kaysar Kyzylorda,Left Winger,-,"Oct 1, 1988 (30)",,"1,75m",right,€300k,2019
112,Tigran Barseghyan,Kaysar Kyzylorda,Right Winger,-,"Sep 22, 1993 (25)",,"1,79m",left,€750k,2019
113,Maksim Fedin,Kaysar Kyzylorda,Right Winger,96,"Jun 8, 1996 (22)",,"1,75m",right,€750k,2019
114,André Bukia,Kaysar Kyzylorda,Right Winger,-,"Mar 3, 1995 (23)",,"1,73m",left,€400k,2019
115,Alvin Fortes,Kaysar Kyzylorda,Right Winger,94,"May 25, 1994 (24)",,"1,76m",left,€300k,2019
116,Elzhas Altynbekov,Kaysar Kyzylorda,Right Winger,15,"Nov 22, 1993 (25)",,"1,80m",both,€250k,2019
117,Reginaldo,Kaysar Kyzylorda,Centre-Forward,99,"Jun 4, 1990 (28)",,"1,82m",right,€550k,2019
118,Bratislav Punosevac,Kaysar Kyzylorda,Centre-Forward,-,"Jul 9, 1987 (31)",,"1,89m",right,€400k,2019
119,Aleksandar Kolev,Kaysar Kyzylorda,Centre-Forward,7,"Dec 8, 1992 (26)",,"1,92m",left,€300k,2019
120,Igor Zenkovich,Kaysar Kyzylorda,Centre-Forward,-,"Sep 17, 1987 (31)",,"1,85m",right,€250k,2019
121,Kule Mbombo,Kaysar Kyzylorda,Centre-Forward,-,"May 10, 1996 (22)",,"1,86m",right,€250k,2019
122,Elguja Lobjanidze,Kaysar Kyzylorda,Centre-Forward,9,"Sep 17, 1992 (26)",,"1,93m",right,€150k,2019
123,Shokhan Abzalov,Kaysar Kyzylorda,Centre-Forward,11,"Sep 11, 1993 (25)",,"1,82m",right,-,2019
124,Orken Makhan,Kaysar Kyzylorda,Centre-Forward,29,"Jan 27, 1998 (20)",,"1,80m",right,-,2019
125,Miroslav Lobantsev,Kyzyl-Zhar SK Petropavlovsk,Goalkeeper,41,"May 27, 1995 (23)",,"1,89m",right,€400k,2019
126,Anton Tsirin,Kyzyl-Zhar SK Petropavlovsk,Goalkeeper,1,"Aug 10, 1987 (31)",,"1,98m",right,€200k,2019
127,Oleg Grubov,Kyzyl-Zhar SK Petropavlovsk,Goalkeeper,33,"Mar 4, 1997 (21)",,"1,85m",right,€100k,2019
128,Vadim Petrov,Kyzyl-Zhar SK Petropavlovsk,Goalkeeper,32,"Jun 11, 2000 (18)",,"1,88m",left,-,2019
129,Artem Baranovskyi,Kyzyl-Zhar SK Petropavlovsk,Centre-Back,3,"Mar 17, 1990 (28)",,"1,90m",right,€500k,2019
130,Terentiy Lutsevich,Kyzyl-Zhar SK Petropavlovsk,Centre-Back,-,"Apr 19, 1991 (27)",,"1,93m",right,€200k,2019
131,Alibek Kasym,Kyzyl-Zhar SK Petropavlovsk,Centre-Back,6,"May 27, 1998 (20)",,"1,93m",right,€100k,2019
132,Igor Gubanov,Kyzyl-Zhar SK Petropavlovsk,Centre-Back,66,"Feb 4, 1992 (26)",,"1,87m",right,€50k,2019
133,Vytautas Andriuskevicius,Kyzyl-Zhar SK Petropavlovsk,Left-Back,-,"Oct 8, 1990 (28)",,"1,88m",left,€600k,2019
134,Berik Shaykhov,Kyzyl-Zhar SK Petropavlovsk,Left-Back,23,"Feb 20, 1994 (24)",,"1,70m",left,€500k,2019
135,Ildar Aitov,Kyzyl-Zhar SK Petropavlovsk,Left-Back,40,"Mar 2, 1990 (28)",,"1,74m",both,€250k,2019
136,Gabriel Enache,Kyzyl-Zhar SK Petropavlovsk,Right-Back,-,"Aug 18, 1990 (28)",,"1,74m",right,€800k,2019
137,Aleksandr Sokolenko,Kyzyl-Zhar SK Petropavlovsk,Right-Back,15,"Nov 23, 1996 (22)",,"1,81m",both,€500k,2019
138,Viktor Gunchenko,Kyzyl-Zhar SK Petropavlovsk,Right-Back,20,"Aug 25, 1994 (24)",,"1,80m",right,€150k,2019
139,Moussa Koné,Kyzyl-Zhar SK Petropavlovsk,Defensive Midfield,12,"Feb 12, 1990 (28)",,"1,82m",right,€400k,2019
140,Tamaz Tsetskhladze,Kyzyl-Zhar SK Petropavlovsk,Defensive Midfield,-,"Dec 8, 1996 (22)",,"1,86m",right,€200k,2019
141,Uros Delic,Kyzyl-Zhar SK Petropavlovsk,Defensive Midfield,21,"Aug 10, 1987 (31)",,"1,93m",right,€200k,2019
142,Sergey Skorykh,Kyzyl-Zhar SK Petropavlovsk,Defensive Midfield,77,"May 25, 1984 (34)",,"1,84m",right,€100k,2019
143,Maksym Drachenko,Kyzyl-Zhar SK Petropavlovsk,Central Midfield,7,"Jan 28, 1990 (28)",,"1,80m",right,€400k,2019
144,Pablo Podio,Kyzyl-Zhar SK Petropavlovsk,Central Midfield,5,"Aug 7, 1989 (29)",,"1,80m",left,€350k,2019
145,Mihail Platica,Kyzyl-Zhar SK Petropavlovsk,Central Midfield,16,"Mar 15, 1990 (28)",,"1,85m",right,€275k,2019
146,Shota Grigalashvili,Kyzyl-Zhar SK Petropavlovsk,Attacking Midfield,10,"Jun 21, 1986 (32)",,"1,77m",both,€250k,2019
147,Dmitri Savchenko,Kyzyl-Zhar SK Petropavlovsk,Attacking Midfield,18,"Jun 9, 2001 (17)",,"1,81m",right,€100k,2019
148,Ivan Markelov,Kyzyl-Zhar SK Petropavlovsk,Left Winger,9,"Apr 17, 1988 (30)",,"1,85m",left,€600k,2019
149,Nikita Bezlikhotnov,Kyzyl-Zhar SK Petropavlovsk,Right Winger,-,"Aug 19, 1990 (28)",,"1,79m",right,€500k,2019
150,Ruslan Koryan,Kyzyl-Zhar SK Petropavlovsk,Second Striker,14,"Jun 15, 1988 (30)",,"1,82m",right,€250k,2019
151,Timur Muldinov,Kyzyl-Zhar SK Petropavlovsk,Centre-Forward,19,"Sep 19, 1993 (25)",,"1,80m",right,€350k,2019
152,Igor Zenkovich,Kyzyl-Zhar SK Petropavlovsk,Centre-Forward,78,"Sep 17, 1987 (31)",,"1,85m",right,€250k,2019
153,Momodou Ceesay,Kyzyl-Zhar SK Petropavlovsk,Centre-Forward,8,"Dec 24, 1988 (30)",,"1,95m",right,€200k,2019
154,Artem Cheredinov,Kyzyl-Zhar SK Petropavlovsk,Centre-Forward,11,"Jul 17, 1998 (20)",,"1,82m",right,-,2019
155,Maksim Skorykh,Kyzyl-Zhar SK Petropavlovsk,Centre-Forward,99,"Apr 20, 2000 (18)",,"1,94m",right,-,2019
156,Dzhurakhon Babakhanov,FK Taraz,Goalkeeper,24,"Oct 31, 1991 (27)",,"1,90m",right,€150k,2019
157,Mukhammedzhan Seysen,FK Taraz,Goalkeeper,74,"Feb 14, 1999 (19)",,"1,90m",right,€125k,2019
158,Almaz Khamytbekov,FK Taraz,Goalkeeper,1,"Sep 29, 1991 (27)",,"1,88m",right,€50k,2019
159,Mikhail Mishchenko,FK Taraz,Centre-Back,25,"Jun 27, 1989 (29)",,"1,88m",left,€350k,2019
160,Bekzat Shadmanov,FK Taraz,Centre-Back,4,"Aug 12, 1997 (21)",,"1,89m",right,€300k,2019
161,Berik Aytbaev,FK Taraz,Centre-Back,14,"Jun 26, 1991 (27)",,"1,84m",right,€300k,2019
162,Valeriy Karshakevich,FK Taraz,Centre-Back,5,"Feb 15, 1988 (30)",,"1,93m",left,€200k,2019
163,Madiyar Nuraly,FK Taraz,Centre-Back,22,"Jan 20, 1995 (23)",,"1,78m",right,€200k,2019
164,Dejan Boljevic,FK Taraz,Left-Back,23,"May 30, 1990 (28)",,"1,83m",left,€250k,2019
165,Dmitriy Evstigneev,FK Taraz,Left-Back,27,"Nov 21, 1986 (32)",,"1,81m",left,€200k,2019
166,Elisey Gorshunov,FK Taraz,Left-Back,-,"Jul 8, 2002 (16)",,"1,83m",left,-,2019
167,Bekzhan Rzataev,FK Taraz,Left-Back,-,"May 17, 1999 (19)",,"1,87m",left,-,2019
168,Maksat Amirkhanov,FK Taraz,Right-Back,20,"Feb 10, 1992 (26)",,"1,72m",right,€300k,2019
169,Jovan Cadjenovic,FK Taraz,Defensive Midfield,21,"Jan 13, 1995 (23)",,"1,84m",right,€200k,2019
170,Almas Sapargaliev,FK Taraz,Defensive Midfield,44,"Nov 16, 1993 (25)",,"1,83m",right,€75k,2019
171,Abzal Taubay,FK Taraz,Central Midfield,7,"Feb 18, 1995 (23)",,"1,75m",right,€350k,2019
172,Ayub Batsuev,FK Taraz,Central Midfield,95,"Feb 9, 1997 (21)",,"1,69m",left,€300k,2019
173,Goran Brkic,FK Taraz,Central Midfield,40,"Apr 28, 1991 (27)",,"1,76m",right,€200k,2019
174,Adilet Abdenabi,FK Taraz,Central Midfield,6,"Feb 4, 1996 (22)",,"1,74m",right,€100k,2019
175,Ersultan Kaldybekov,FK Taraz,Central Midfield,-,"Jan 12, 2002 (16)",,"1,85m",both,-,2019
176,Sheykhislam Kulakhmetov,FK Taraz,Central Midfield,8,"Jan 15, 1996 (22)",,"1,81m",right,-,2019
177,Ovidijus Verbickas,FK Taraz,Right Midfield,9,"Jul 4, 1993 (25)",,"1,78m",right,€450k,2019
178,Bauyrzhan Baytana,FK Taraz,Attacking Midfield,30,"May 6, 1992 (26)",,"1,74m",both,€300k,2019
179,Alisher Suley,FK Taraz,Left Winger,10,"Nov 1, 1995 (23)",,"1,78m",right,€200k,2019
180,Gavril Kan,FK Taraz,Left Winger,11,"Jan 10, 1999 (19)",,"1,75m",right,€50k,2019
181,Erkebulan Toybekov,FK Taraz,Left Winger,-,"Jun 25, 2002 (16)",,"1,80m",both,-,2019
182,Toni Silva,FK Taraz,Right Winger,15,"Sep 15, 1993 (25)",,"1,79m",left,€500k,2019
183,Serge Nyuiadzi,FK Taraz,Right Winger,33,"Sep 17, 1991 (27)",,"1,81m",left,€300k,2019
184,Dinmukhamed Karaman,FK Taraz,Right Winger,17,"Jun 26, 2000 (18)",,"1,78m",right,€50k,2019
185,Bauyrzhan Turysbek,FK Taraz,Centre-Forward,28,"Oct 15, 1991 (27)",,"1,81m",right,€900k,2019
186,Nils Zatl,FK Taraz,Centre-Forward,-,"Apr 3, 1992 (26)",,"1,78m",both,€500k,2019
187,Bratislav Punosevac,FK Taraz,Centre-Forward,13,"Jul 9, 1987 (31)",,"1,89m",right,€400k,2019
188,Abylaykhan Zhumabek,FK Taraz,Centre-Forward,19,"Oct 19, 2001 (17)",,"1,87m",right,-,2019
189,Marko Milosevic,Kaspiy Aktau,Goalkeeper,91,"Feb 7, 1991 (27)",,"1,87m",right,€250k,2019
190,Denis Kavlinov,Kaspiy Aktau,Goalkeeper,51,"Jan 10, 1995 (23)",,"1,91m",right,€200k,2019
191,Nurlybek Ayazbaev,Kaspiy Aktau,Goalkeeper,1,"Jan 24, 1991 (27)",,"1,83m",right,€150k,2019
192,Olzhas Mukhanov,Kaspiy Aktau,Goalkeeper,35,"Oct 27, 1997 (21)",,"1,86m",right,-,2019
193,Rafkat Aslan,Kaspiy Aktau,Centre-Back,3,"Feb 2, 1994 (24)",,"1,86m",right,€300k,2019
194,Karam Sultanov,Kaspiy Aktau,Centre-Back,-,"Apr 15, 1996 (22)",,"1,95m",right,€250k,2019
195,Taras Bondarenko,Kaspiy Aktau,Centre-Back,-,"Sep 23, 1992 (26)",,"1,87m",right,€250k,2019
196,Stefan Bukorac,Kaspiy Aktau,Centre-Back,8,"Feb 15, 1991 (27)",,"1,93m",right,€225k,2019
197,Ilya Vorotnikov,Kaspiy Aktau,Centre-Back,33,"Feb 1, 1986 (32)",,"1,86m",right,€150k,2019
198,Lionel Adams,Kaspiy Aktau,Centre-Back,55,"Aug 9, 1994 (24)",,"1,92m",left,€100k,2019
199,Erbol Sauirbaev,Kaspiy Aktau,Centre-Back,-,"Sep 16, 2001 (17)",,"1,81m",,-,2019
200,Erlan Kadyrbaev,Kaspiy Aktau,Centre-Back,4,"Oct 5, 1991 (27)",,"1,81m",right,-,2019
201,Amandyk Nabikhanov,Kaspiy Aktau,Centre-Back,23,"Nov 9, 1997 (21)",,"1,83m",right,-,2019
202,Bojan Kovacevic,Kaspiy Aktau,Left-Back,-,"Apr 28, 1996 (22)",,"1,86m",left,-,2019
203,Timur Redzhepov,Kaspiy Aktau,Left-Back,-,"Jul 6, 2002 (16)",,"1,83m",left,-,2019
204,Maksat Taykenov,Kaspiy Aktau,Left-Back,19,"Aug 14, 1997 (21)",,"1,69m",left,-,2019
205,Erkin Tapalov,Kaspiy Aktau,Right-Back,-,"Sep 3, 1993 (25)",,"1,79m",right,€400k,2019
206,Mikhail Gabyshev,Kaspiy Aktau,Right-Back,5,"Jan 2, 1990 (28)",,"1,85m",right,€300k,2019
207,Ruslan Zhanysbaev,Kaspiy Aktau,Right-Back,17,"Nov 4, 1995 (23)",,"1,78m",right,€50k,2019
208,Kirill Shestakov,Kaspiy Aktau,Defensive Midfield,18,"Jun 19, 1985 (33)",,"1,79m",right,€200k,2019
209,Erkebulan Rakhmetov,Kaspiy Aktau,Midfielder,-,"Feb 15, 2000 (18)",,"1,76m",,-,2019
210,Marat Shakhmetov,Kaspiy Aktau,Central Midfield,22,"Feb 6, 1989 (29)",,"1,82m",right,€500k,2019
211,Sultan Sagnaev,Kaspiy Aktau,Central Midfield,-,"Jan 14, 2000 (18)",,"1,72m",right,€250k,2019
212,Kuandyk Nursultanov,Kaspiy Aktau,Central Midfield,-,"Apr 24, 1999 (19)",,"1,75m",right,-,2019
213,Bekzat Kabylan,Kaspiy Aktau,Central Midfield,7,"Mar 3, 1996 (22)",,"1,62m",right,-,2019
214,Rakhimzhan Rozybakiev,Kaspiy Aktau,Left Midfield,6,"Jan 2, 1991 (27)",,"1,88m",right,€250k,2019
215,Aleksandar Stanisavljevic,Kaspiy Aktau,Attacking Midfield,-,"Jun 11, 1989 (29)",,"1,81m",both,€500k,2019
216,Erkebulan Nurgaliev,Kaspiy Aktau,Attacking Midfield,11,"Sep 12, 1993 (25)",,"1,70m",right,€325k,2019
217,Ruslan Sakhalbaev,Kaspiy Aktau,Attacking Midfield,13,"Jun 27, 1984 (34)",,"1,68m",right,€100k,2019
218,Vladislav Sirotov,Kaspiy Aktau,Left Winger,37,"Oct 27, 1991 (27)",,"1,80m",left,€400k,2019
219,Arman Nusip,Kaspiy Aktau,Left Winger,47,"Jan 22, 1994 (24)",,"1,80m",right,-,2019
220,Serge Nyuiadzi,Kaspiy Aktau,Right Winger,-,"Sep 17, 1991 (27)",,"1,81m",left,€300k,2019
221,Billal Sebaihi,Kaspiy Aktau,Right Winger,30,"May 31, 1992 (26)",,"1,79m",left,€150k,2019
222,Bakdaulet Konlimkos,Kaspiy Aktau,Right Winger,-,"Dec 5, 2000 (18)",,"1,70m",left,-,2019
223,Aydos Tattybaev,Kaspiy Aktau,Centre-Forward,-,"Apr 26, 1990 (28)",,"1,86m",right,€200k,2019
224,Maksym Marusych,Kaspiy Aktau,Centre-Forward,14,"Jul 17, 1993 (25)",,"1,82m",right,€175k,2019
225,Ramazan Karimov,Kaspiy Aktau,Centre-Forward,-,"Jul 5, 1999 (19)",,"1,90m",right,€100k,2019
226,Branko Cubrilo,Kaspiy Aktau,Centre-Forward,97,"May 20, 1988 (30)",,"1,81m",right,€50k,2019
227,Almas Armenov,Kaspiy Aktau,Centre-Forward,10,"Jan 27, 1992 (26)",,"1,70m",left,-,2019
228,Stas Pokatilov,Kairat Almaty,Goalkeeper,1,"Dec 8, 1992 (26)",,"1,90m",right,€1.20m,2019
229,Vladimir Plotnikov,Kairat Almaty,Goalkeeper,-,"Apr 3, 1986 (32)",,"1,91m",right,€300k,2019
230,Danil Ustimenko,Kairat Almaty,Goalkeeper,30,"Aug 8, 2000 (18)",,"1,90m",right,€50k,2019
231,Dinmukhammed Zhomart,Kairat Almaty,Goalkeeper,31,"Dec 6, 2000 (18)",,"1,88m",right,€50k,2019
232,Temirlan Anarbekov,Kairat Almaty,Goalkeeper,-,"Oct 14, 2003 (15)",,"1,89m",left,-,2019
233,Denis Polyakov,Kairat Almaty,Centre-Back,33,"Apr 17, 1991 (27)",,"1,84m",right,€1.20m,2019
234,Rade Dugalic,Kairat Almaty,Centre-Back,20,"Nov 5, 1992 (26)",,"1,94m",right,€800k,2019
235,Eldos Akhmetov,Kairat Almaty,Centre-Back,-,"Jun 1, 1990 (28)",,"1,87m",right,€750k,2019
236,Nuraly Alip,Kairat Almaty,Centre-Back,4,"Dec 22, 1999 (19)",,"1,88m",left,€750k,2019
237,Sergey Politevich,Kairat Almaty,Centre-Back,-,"Apr 9, 1990 (28)",,"1,90m",right,€700k,2019
238,Nurlan Dairov,Kairat Almaty,Centre-Back,15,"Jun 26, 1995 (23)",,"1,81m",right,€200k,2019
239,Aleksandr Shirobokov,Kairat Almaty,Centre-Back,-,"Jan 2, 2003 (15)",,"1,84m",right,-,2019
240,Ravil Ibragimov,Kairat Almaty,Centre-Back,-,"Dec 25, 2000 (18)",,"1,86m",left,-,2019
241,Gafurzhan Suyumbaev,Kairat Almaty,Left-Back,5,"Aug 19, 1990 (28)",,"1,75m",left,€1.50m,2019
242,Sergey Keiler,Kairat Almaty,Left-Back,2,"Nov 8, 1994 (24)",,"1,80m",left,€200k,2019
243,Aybar Nurdaliev,Kairat Almaty,Left-Back,37,"Aug 12, 1999 (19)",,"1,79m",left,€75k,2019
244,Kamo Hovhannisyan,Kairat Almaty,Right-Back,13,"Oct 5, 1992 (26)",,"1,76m",right,€700k,2019
245,Dino Mikanovic,Kairat Almaty,Right-Back,24,"May 7, 1994 (24)",,"1,74m",right,€600k,2019
246,Sultanbek Astanov,Kairat Almaty,Right-Back,17,"Mar 23, 1999 (19)",,"1,79m",right,€50k,2019
247,Jacek Goralski,Kairat Almaty,Defensive Midfield,6,"Sep 21, 1992 (26)",,"1,72m",right,€3.00m,2019
248,Islambek Kuat,Kairat Almaty,Defensive Midfield,-,"Jan 12, 1993 (25)",,"1,79m",right,€1.80m,2019
249,Aybol Abiken,Kairat Almaty,Defensive Midfield,8,"Jun 1, 1996 (22)",,"1,79m",right,€350k,2019
250,Georgiy Zhukov,Kairat Almaty,Central Midfield,-,"Nov 19, 1994 (24)",,"1,72m",right,€900k,2019
251,Nebojsa Kosovic,Kairat Almaty,Central Midfield,22,"Feb 24, 1995 (23)",,"1,77m",right,€750k,2019
252,Ramazan Orazov,Kairat Almaty,Central Midfield,-,"Jan 30, 1998 (20)",,"1,76m",right,€125k,2019
253,Andrey Ulshin,Kairat Almaty,Central Midfield,-,"Apr 18, 2000 (18)",,"1,84m",left,€50k,2019
254,Alibi Tuzakbaev,Kairat Almaty,Central Midfield,28,"Dec 8, 1999 (19)",,"1,80m",right,€50k,2019
255,Adam Adakhadzhiev,Kairat Almaty,Central Midfield,14,"Nov 23, 1998 (20)",,"1,76m",right,€25k,2019
256,Arsen Buranchiev,Kairat Almaty,Central Midfield,-,"Sep 12, 2001 (17)",,"1,82m",left,-,2019
257,Bauyrzhan Islamkhan,Kairat Almaty,Attacking Midfield,-,"Feb 23, 1993 (25)",,"1,74m",right,€2.30m,2019
258,Vyacheslav Shvyrev,Kairat Almaty,Attacking Midfield,23,"Jan 7, 2001 (17)",,"1,76m",right,€300k,2019
259,Daniyar Usenov,Kairat Almaty,Attacking Midfield,29,"Feb 18, 2001 (17)",,"1,81m",left,-,2019
260,Kirill Kolesnichenko,Kairat Almaty,Left Winger,25,"Jan 31, 2000 (18)",,"1,85m",left,€250k,2019
261,Galymzhan Kenzhebek,Kairat Almaty,Left Winger,-,"Feb 12, 2003 (15)",,"1,77m",right,-,2019
262,Gulzhigit Alykulov,Kairat Almaty,Left Winger,27,"Nov 25, 2000 (18)",,"1,69m",right,-,2019
263,Erkebulan Tungyshbaev,Kairat Almaty,Right Winger,21,"Jan 14, 1995 (23)",,"1,82m",right,€1.30m,2019
264,Erkebulan Seydakhmet,Kairat Almaty,Right Winger,10,"Feb 4, 2000 (18)",,"1,78m",right,€300k,2019
265,Konrad Wrzesinski,Kairat Almaty,Right Winger,18,"Sep 10, 1993 (25)",,"1,77m",right,€150k,2019
266,Aderinsola Habib Eseola,Kairat Almaty,Centre-Forward,11,"Jun 28, 1991 (27)",,"1,88m",right,€1.70m,2019
267,Vágner Love,Kairat Almaty,Centre-Forward,9,"Jun 11, 1984 (34)",,"1,72m",right,€1.50m,2019
268,Márton Eppel,Kairat Almaty,Centre-Forward,-,"Oct 26, 1991 (27)",,"1,90m",right,€700k,2019
269,Abat Aymbetov,Kairat Almaty,Centre-Forward,7,"Aug 7, 1995 (23)",,"1,84m",right,€250k,2019
270,Artur Shushenachev,Kairat Almaty,Centre-Forward,19,"Apr 7, 1998 (20)",,"1,90m",right,€50k,2019
271,Aybar Abdulla,Kairat Almaty,Centre-Forward,-,"Jan 22, 2002 (16)",,"1,76m",left,-,2019
272,Dmitriy Nepogodov,Ordabasy Shymkent,Goalkeeper,-,"Feb 17, 1988 (30)",,"1,96m",left,€1.00m,2019
273,Vladimir Plotnikov,Ordabasy Shymkent,Goalkeeper,86,"Apr 3, 1986 (32)",,"1,91m",right,€300k,2019
274,Igor Trofimets,Ordabasy Shymkent,Goalkeeper,42,"Aug 20, 1996 (22)",,"1,94m",right,€250k,2019
275,Bekkhan Shayzada,Ordabasy Shymkent,Goalkeeper,1,"Feb 28, 1998 (20)",,"1,88m",right,€100k,2019
276,Sergey Maliy,Ordabasy Shymkent,Centre-Back,-,"Jun 5, 1990 (28)",,"1,91m",right,€1.00m,2019
277,Viktor Dmitrenko,Ordabasy Shymkent,Centre-Back,4,"Apr 4, 1991 (27)",,"1,90m",right,€1.00m,2019
278,Pablo Fontanello,Ordabasy Shymkent,Centre-Back,29,"Sep 26, 1984 (34)",,"1,93m",both,€900k,2019
279,Aleksandr Kleshchenko,Ordabasy Shymkent,Centre-Back,24,"Nov 2, 1995 (23)",,"1,87m",left,€700k,2019
280,Temirlan Erlanov,Ordabasy Shymkent,Centre-Back,-,"Jul 9, 1993 (25)",,"1,90m",right,€600k,2019
281,Damir Dautov,Ordabasy Shymkent,Centre-Back,5,"Mar 3, 1990 (28)",,"1,87m",right,€300k,2019
282,Ular Zhaksybaev,Ordabasy Shymkent,Centre-Back,6,"Oct 20, 1994 (24)",,"1,80m",right,€250k,2019
283,Andrey Shabaev,Ordabasy Shymkent,Centre-Back,72,"Feb 15, 1987 (31)",,"1,79m",right,€200k,2019
284,Timur Dosmagambetov,Ordabasy Shymkent,Left-Back,27,"May 1, 1989 (29)",,"1,72m",left,€650k,2019
285,Aleksandar Simčević,Ordabasy Shymkent,Right-Back,87,"Feb 15, 1987 (31)",,"1,88m",both,€700k,2019
286,Marat Bystrov,Ordabasy Shymkent,Right-Back,-,"Jun 19, 1992 (26)",,"1,81m",right,€600k,2019
287,Samat Shamshi,Ordabasy Shymkent,Right-Back,14,"Feb 5, 1996 (22)",,"1,78m",right,€200k,2019
288,Talgat Adyrbekov,Ordabasy Shymkent,Right-Back,77,"Jan 26, 1989 (29)",,"1,78m",right,€100k,2019
289,Asludin Khadzhiev,Ordabasy Shymkent,Right-Back,28,"Oct 24, 2000 (18)",,"1,66m",right,-,2019
290,Abdoulaye Diakhate,Ordabasy Shymkent,Defensive Midfield,22,"Jan 16, 1988 (30)",,"1,81m",right,€1.20m,2019
291,Valeriy Korobkin,Ordabasy Shymkent,Defensive Midfield,-,"Jul 2, 1984 (34)",,"1,85m",right,€150k,2019
292,May Mahlangu,Ordabasy Shymkent,Central Midfield,7,"May 1, 1989 (29)",,"1,73m",both,€1.00m,2019
293,Kyrylo Kovalchuk,Ordabasy Shymkent,Central Midfield,-,"Jun 11, 1986 (32)",,"1,84m",right,€400k,2019
294,Mirzad Mehanovic,Ordabasy Shymkent,Attacking Midfield,10,"Jan 5, 1993 (25)",,"1,75m",left,€350k,2019
295,Erik Zharylkasyn,Ordabasy Shymkent,Attacking Midfield,-,"Aug 23, 2001 (17)",,"1,62m",,-,2019
296,Rúben Brígido,Ordabasy Shymkent,Left Winger,11,"Jun 23, 1991 (27)",,"1,72m",both,€400k,2019
297,Maksim Vaganov,Ordabasy Shymkent,Left Winger,13,"Aug 8, 2000 (18)",,"1,83m",,€50k,2019
298,Elkhan Astanov,Ordabasy Shymkent,Left Winger,33,"May 21, 2000 (18)",,"1,86m",right,-,2019
299,Ziguy Badibanga,Ordabasy Shymkent,Right Winger,39,"Nov 26, 1991 (27)",,"1,72m",right,€1.50m,2019
300,Mardan Tolebek,Ordabasy Shymkent,Right Winger,17,"Dec 18, 1990 (28)",,"1,74m",left,€800k,2019
301,Aleksey Shchetkin,Ordabasy Shymkent,Centre-Forward,-,"May 21, 1991 (27)",,"1,93m",right,€2.00m,2019
302,João Paulo,Ordabasy Shymkent,Centre-Forward,37,"Jun 2, 1988 (30)",,"1,67m",right,€1.30m,2019
303,Toktar Zhangylyshbay,Ordabasy Shymkent,Centre-Forward,20,"May 25, 1993 (25)",,"1,89m",right,€300k,2019
304,Sergey Khizhnichenko,Ordabasy Shymkent,Centre-Forward,91,"Jul 17, 1991 (27)",,"1,87m",right,€300k,2019
305,Madizhan Aytbaev,Ordabasy Shymkent,Centre-Forward,88,"Feb 18, 1997 (21)",,"1,84m",,-,2019
306,Bagdat Zhienbay,Ordabasy Shymkent,Centre-Forward,-,"Oct 26, 2000 (18)",,"1,75m",right,-,2019
307,David Yurchenko,Shakhter Karaganda,Goalkeeper,1,"Mar 27, 1986 (32)",,"1,87m",right,€1.50m,2019
308,Timurbek Zakirov,Shakhter Karaganda,Goalkeeper,78,"Mar 1, 1996 (22)",,"1,89m",right,€200k,2019
309,Egor Tsuprikov,Shakhter Karaganda,Goalkeeper,40,"May 27, 1997 (21)",,"1,90m",right,€50k,2019
310,Abdel Lamanje,Shakhter Karaganda,Centre-Back,33,"Jul 27, 1990 (28)",,"1,85m",left,€500k,2019
311,Yevgeniy Tkachuk,Shakhter Karaganda,Centre-Back,3,"Jun 27, 1991 (27)",,"1,92m",right,€400k,2019
312,Andrey Buyvolov,Shakhter Karaganda,Centre-Back,25,"Jan 12, 1987 (31)",,"1,86m",right,€350k,2019
313,Aleksandr Kislitsyn,Shakhter Karaganda,Centre-Back,-,"Mar 8, 1986 (32)",,"1,89m",right,€300k,2019
314,Aliyu Abubakar,Shakhter Karaganda,Centre-Back,-,"Jun 15, 1996 (22)",,"1,88m",right,€200k,2019
315,Gideon Baah,Shakhter Karaganda,Centre-Back,4,"Oct 1, 1991 (27)",,"1,85m",left,€200k,2019
316,Tair Nurseitov,Shakhter Karaganda,Centre-Back,-,"Jul 11, 2000 (18)",,"1,98m",both,€50k,2019
317,Soslan Takulov,Shakhter Karaganda,Left-Back,5,"Apr 28, 1995 (23)",,"1,78m",left,€150k,2019
318,Dmitriy Yatchenko,Shakhter Karaganda,Right-Back,2,"Aug 25, 1986 (32)",,"1,72m",right,€800k,2019
319,Gevorg Nadzharyan,Shakhter Karaganda,Right-Back,77,"Jan 6, 1998 (20)",,"1,75m",right,€500k,2019
320,Erkin Tapalov,Shakhter Karaganda,Right-Back,26,"Sep 3, 1993 (25)",,"1,79m",right,€400k,2019
321,Ruslan Alimbaev,Shakhter Karaganda,Right-Back,-,"Mar 2, 1997 (21)",,"1,82m",right,€200k,2019
322,Adi Adambaev,Shakhter Karaganda,Right-Back,-,"Apr 4, 2001 (17)",,"1,85m",right,-,2019
323,Bogdan Savkiv,Shakhter Karaganda,Right-Back,-,"Aug 28, 2001 (17)",,"1,78m",right,-,2019
324,Egor Alishauskas,Shakhter Karaganda,Right-Back,57,"Dec 18, 1997 (21)",,"1,77m",right,-,2019
325,Mikhail Bakaev,Shakhter Karaganda,Defensive Midfield,87,"Aug 5, 1987 (31)",,"1,75m",right,€300k,2019
326,Ruslan Tutkyshev,Shakhter Karaganda,Defensive Midfield,-,"Feb 18, 1999 (19)",,"1,80m",right,-,2019
327,Usman Mohammed,Shakhter Karaganda,Central Midfield,8,"Mar 2, 1994 (24)",,"1,83m",right,€100k,2019
328,Aydos Oral,Shakhter Karaganda,Central Midfield,-,"Apr 5, 1999 (19)",,"1,74m",right,€50k,2019
329,Erkebulan Nurgaliev,Shakhter Karaganda,Attacking Midfield,-,"Sep 12, 1993 (25)",,"1,70m",right,€325k,2019
330,Jérémy Manzorro,Shakhter Karaganda,Attacking Midfield,-,"Nov 11, 1991 (27)",,"1,73m",right,€250k,2019
331,Ruslan Mingazov,Shakhter Karaganda,Left Winger,20,"Nov 23, 1991 (27)",,"1,73m",both,€550k,2019
332,Aslanbek Kakimov,Shakhter Karaganda,Left Winger,17,"Oct 2, 1993 (25)",,"1,77m",right,€250k,2019
333,Zhan-Ali Payruz,Shakhter Karaganda,Left Winger,77,"Aug 12, 1999 (19)",,"1,85m",right,€50k,2019
334,Matvey Gerasimov,Shakhter Karaganda,Left Winger,19,"Feb 4, 2001 (17)",,"1,91m",both,-,2019
335,Arsen Khubulov,Shakhter Karaganda,Right Winger,88,"Dec 13, 1990 (28)",,"1,81m",right,€750k,2019
336,Sergei Zenjov,Shakhter Karaganda,Right Winger,11,"Apr 20, 1989 (29)",,"1,83m",right,€600k,2019
337,Pavel Kriventsev,Shakhter Karaganda,Right Winger,47,"Jan 16, 1996 (22)",,"1,79m",both,-,2019
338,Bauyrzhan Turysbek,Shakhter Karaganda,Centre-Forward,-,"Oct 15, 1991 (27)",,"1,81m",right,€900k,2019
339,Aydos Tattybaev,Shakhter Karaganda,Centre-Forward,10,"Apr 26, 1990 (28)",,"1,86m",right,€200k,2019
340,Cedric Kouadio,Shakhter Karaganda,Centre-Forward,12,"Jul 25, 1997 (21)",,"1,75m",right,€200k,2019
341,Ivan Sviridov,Shakhter Karaganda,Centre-Forward,-,"Jun 28, 2002 (16)",,"1,84m",both,€25k,2019
342,Ruslan Abzhanov,Okzhetpes Kokshetau,Goalkeeper,31,"Apr 28, 1990 (28)",,"1,87m",right,€200k,2019
343,Yaroslav Baginskiy,Okzhetpes Kokshetau,Goalkeeper,35,"Oct 3, 1987 (31)",,"1,85m",right,€200k,2019
344,Aleksandr Sheplyakov,Okzhetpes Kokshetau,Goalkeeper,13,"Aug 13, 1996 (22)",,"2,01m",right,€150k,2019
345,Aleksey Gavrilovich,Okzhetpes Kokshetau,Centre-Back,4,"Jan 5, 1990 (28)",,"1,84m",right,€500k,2019
346,Plamen Dimov,Okzhetpes Kokshetau,Centre-Back,21,"Oct 29, 1990 (28)",,"1,87m",right,€300k,2019
347,Taras Bondarenko,Okzhetpes Kokshetau,Centre-Back,14,"Sep 23, 1992 (26)",,"1,87m",right,€250k,2019
348,Daniil Chertov,Okzhetpes Kokshetau,Centre-Back,5,"Nov 15, 1990 (28)",,"1,86m",right,€225k,2019
349,Andriy Mishchenko,Okzhetpes Kokshetau,Centre-Back,-,"Apr 7, 1991 (27)",,"1,93m",right,€200k,2019
350,Aliyu Abubakar,Okzhetpes Kokshetau,Centre-Back,7,"Jun 15, 1996 (22)",,"1,88m",right,€200k,2019
351,Talgat Kusyapov,Okzhetpes Kokshetau,Centre-Back,3,"Feb 14, 1999 (19)",,"1,86m",left,€125k,2019
352,Niyaz Idrisov,Okzhetpes Kokshetau,Centre-Back,15,"Jul 21, 1999 (19)",,"1,84m",right,€25k,2019
353,Azat Ersalimov,Okzhetpes Kokshetau,Left-Back,19,"Jul 19, 1988 (30)",,"1,67m",both,€400k,2019
354,Grigoriy Sartakov,Okzhetpes Kokshetau,Left-Back,94,"Aug 19, 1994 (24)",,"1,85m",left,€350k,2019
355,Dmitriy Schmidt,Okzhetpes Kokshetau,Right-Back,22,"Nov 17, 1993 (25)",,"1,75m",right,€500k,2019
356,Timur Zhakupov,Okzhetpes Kokshetau,Right-Back,18,"Sep 6, 1995 (23)",,"1,77m",right,€200k,2019
357,Gian Martins,Okzhetpes Kokshetau,Defensive Midfield,88,"Apr 2, 1993 (25)",,"1,84m",left,€300k,2019
358,Altynbek Saparov,Okzhetpes Kokshetau,Defensive Midfield,10,"Apr 26, 1995 (23)",,"1,74m",right,€250k,2019
359,Miras Tuliev,Okzhetpes Kokshetau,Defensive Midfield,6,"Aug 30, 1994 (24)",,"1,78m",right,€200k,2019
360,Artjom Dmitrijev,Okzhetpes Kokshetau,Defensive Midfield,8,"Nov 14, 1988 (30)",,"1,88m",right,€200k,2019
361,Ulanbek Kuanyshbekov,Okzhetpes Kokshetau,Defensive Midfield,27,"Jul 16, 1998 (20)",,"1,75m",,-,2019
362,Evgeniy Ashikhmin,Okzhetpes Kokshetau,Central Midfield,23,"Dec 2, 1998 (20)",,"1,76m",right,-,2019
363,Ilya Kalinin,Okzhetpes Kokshetau,Right Midfield,77,"Feb 3, 1992 (26)",,"1,79m",right,€450k,2019
364,Milan Stojanovic,Okzhetpes Kokshetau,Attacking Midfield,24,"May 10, 1988 (30)",,"1,84m",left,€500k,2019
365,Vsevolod Nihaev,Okzhetpes Kokshetau,Attacking Midfield,99,"May 4, 1999 (19)",,"1,82m",left,-,2019
366,Arman Tolegenov,Okzhetpes Kokshetau,Left Winger,72,"Apr 18, 2000 (18)",,"1,75m",,-,2019
367,Darko Zoric,Okzhetpes Kokshetau,Right Winger,28,"Sep 12, 1993 (25)",,"1,89m",left,€450k,2019
368,Magomed-Emi Dzhabrailov,Okzhetpes Kokshetau,Right Winger,11,"Mar 24, 1993 (25)",,"1,77m",right,€100k,2019
369,Marko Obradovic,Okzhetpes Kokshetau,Centre-Forward,91,"Jun 30, 1991 (27)",,"1,87m",right,€500k,2019
370,Zhasulan Moldakaraev,Okzhetpes Kokshetau,Centre-Forward,17,"May 7, 1987 (31)",,"1,80m",right,€300k,2019
371,Sanat Zhumakhanov,Okzhetpes Kokshetau,Centre-Forward,30,"Jan 30, 1988 (30)",,"1,85m",right,€300k,2019
372,Islamnur Abdulavov,Okzhetpes Kokshetau,Centre-Forward,9,"Mar 7, 1994 (24)",,"1,87m",right,€250k,2019
373,Andrey Shabanov,Zhetysu Taldykorgan,Goalkeeper,1,"Nov 17, 1986 (32)",,"1,84m",right,€250k,2019
374,Almat Bekbaev,Zhetysu Taldykorgan,Goalkeeper,70,"Jul 14, 1984 (34)",,"1,94m",right,€150k,2019
375,Dmitri Kolbuntsov,Zhetysu Taldykorgan,Goalkeeper,-,"May 25, 1996 (22)",,"1,83m",right,€75k,2019
376,Valeriy Kaznacheev,Zhetysu Taldykorgan,Goalkeeper,36,"Feb 24, 2000 (18)",,"1,90m",,-,2019
377,Nikita Naumov,Zhetysu Taldykorgan,Centre-Back,23,"Nov 15, 1989 (29)",,"1,94m",right,€400k,2019
378,Andrey Lebedev,Zhetysu Taldykorgan,Centre-Back,3,"Feb 1, 1991 (27)",,"1,87m",right,€300k,2019
379,Olzhas Kerimzhanov,Zhetysu Taldykorgan,Centre-Back,26,"May 16, 1989 (29)",,"1,89m",right,€200k,2019
380,Miram Sapanov,Zhetysu Taldykorgan,Centre-Back,30,"Mar 12, 1986 (32)",,"1,83m",right,€200k,2019
381,Rauan Orynbasar,Zhetysu Taldykorgan,Centre-Back,-,"Mar 1, 1998 (20)",,"1,84m",right,€50k,2019
382,Maksim Chalkin,Zhetysu Taldykorgan,Centre-Back,-,"Mar 9, 1996 (22)",,"1,85m",right,€25k,2019
383,Stefan Zivkovic,Zhetysu Taldykorgan,Left-Back,22,"Jun 1, 1990 (28)",,"1,84m",left,€500k,2019
384,Ermek Kuantaev,Zhetysu Taldykorgan,Right-Back,13,"Oct 13, 1990 (28)",,"1,74m",both,€450k,2019
385,Andrey Zaleskiy,Zhetysu Taldykorgan,Right-Back,31,"Jan 20, 1991 (27)",,"1,80m",right,€200k,2019
386,Eskendir Kybyray,Zhetysu Taldykorgan,Right-Back,46,"Aug 14, 1997 (21)",,"1,83m",right,€25k,2019
387,Kazybek Mukhituly,Zhetysu Taldykorgan,Right-Back,-,"Sep 23, 2002 (16)",,"1,78m",right,-,2019
388,Arturas Zulpa,Zhetysu Taldykorgan,Defensive Midfield,44,"Jun 10, 1990 (28)",,"1,88m",right,€1.00m,2019
389,David Mawutor,Zhetysu Taldykorgan,Defensive Midfield,14,"Apr 12, 1992 (26)",,"1,81m",right,€350k,2019
390,Almir Mukhutdinov,Zhetysu Taldykorgan,Defensive Midfield,77,"Jun 9, 1985 (33)",,"1,79m",right,€250k,2019
391,Madi Khaseyn,Zhetysu Taldykorgan,Defensive Midfield,88,"Dec 17, 2000 (18)",,"1,85m",right,-,2019
392,Aslan Darabaev,Zhetysu Taldykorgan,Central Midfield,8,"Jan 21, 1989 (29)",,"1,79m",right,€700k,2019
393,Donjet Shkodra,Zhetysu Taldykorgan,Central Midfield,10,"Apr 30, 1989 (29)",,"1,84m",right,€300k,2019
394,Nenad Adamovic,Zhetysu Taldykorgan,Attacking Midfield,21,"Jan 12, 1989 (29)",,"1,70m",right,€350k,2019
395,Vadim Pobudey,Zhetysu Taldykorgan,Left Winger,11,"Dec 17, 1994 (24)",,"1,81m",right,€100k,2019
396,Erkebulan Seydakhmet,Zhetysu Taldykorgan,Right Winger,7,"Feb 4, 2000 (18)",,"1,78m",right,€300k,2019
397,Pedro Eugénio,Zhetysu Taldykorgan,Right Winger,33,"Jun 26, 1990 (28)",,"1,72m",right,€300k,2019
398,Egor Zubovich,Zhetysu Taldykorgan,Centre-Forward,17,"Jun 1, 1989 (29)",,"1,85m",right,€400k,2019
399,Martin Toshev,Zhetysu Taldykorgan,Centre-Forward,90,"Apr 17, 1990 (28)",,"1,84m",right,€250k,2019
400,Dias Kalybaev,Zhetysu Taldykorgan,Centre-Forward,-,"Aug 25, 1999 (19)",,"1,85m",left,-,2019
401,Aybar Zhaksylykov,Zhetysu Taldykorgan,Centre-Forward,9,"Jul 24, 1997 (21)",,"1,84m",right,-,2019
